{
  "1_lesson": {
    "name": "МАТЕМАТИКА (БАЗОВЫЙ УРОВЕНЬ) (ЛЕК)",
    "teacher": "Холодова Светлана Евгеньевна",
    "time": "10.00;11.30",
    "place": "ул. Ломоносова, д.9, лит.А",
    "room": "2219"
  },
  "2_lesson": {
    "name": "ИНОСТРАННЫЙ ЯЗЫК (ПРАК)",
    "time": "11.40;13.10",
    "place": "ул. Ломоносова, д.9, лит.Е"
  },
  "3_lesson": {
    "name": "МАТЕМАТИКА (БАЗОВЫЙ УРОВЕНЬ) (ПРАК)",
    "teacher": "Мелихова Алина Семеновна",
    "time": "15.20;16.50",
    "place": "ул. Ломоносова, д.9, лит. Е",
    "room": "1121"
  }
}
